high_div	chr1	398000000	399200000	FUN_004606
high_div	chr1	398000000	399200000	FUN_004607
high_div	chr1	398000000	399200000	FUN_004608
high_div	chr1	398000000	399200000	FUN_004609
high_div	chr1	398000000	399200000	FUN_004610
high_div	chr1	398000000	399200000	FUN_004611
high_div	chr1	398000000	399200000	FUN_004612
high_div	chr1	398000000	399200000	FUN_004613
high_div	chr1	398000000	399200000	FUN_004614
high_div	chr1	398000000	399200000	FUN_004615
high_div	chr1	398000000	399200000	FUN_004616
high_div	chr1	398000000	399200000	FUN_004617
high_div	chr1	398000000	399200000	FUN_004618
high_div	chr1	398000000	399200000	FUN_004619
high_div	chr1	398000000	399200000	FUN_004620
high_div	chr1	398000000	399200000	FUN_004626
high_div	chr1	398000000	399200000	FUN_004627
high_div	chr1	398000000	399200000	FUN_004628
high_div	chr1	398000000	399200000	FUN_004629
high_div	chr1	398000000	399200000	FUN_004630
high_div	chr1	398000000	399200000	FUN_004631
low_div	chr1	399200000	400100000	FUN_004632
low_div	chr1	399200000	400100000	FUN_004633
low_div	chr1	399200000	400100000	FUN_004634
low_div	chr1	399200000	400100000	FUN_004635
high_div	chr1	400200000	401000000	FUN_004637
high_div	chr1	400200000	401000000	FUN_004638
high_div	chr1	400200000	401000000	FUN_004640
high_div	chr1	400200000	401000000	FUN_004641
high_div	chr1	400200000	401000000	FUN_004642
high_div	chr1	400200000	401000000	FUN_30329
high_div	chr1	400200000	401000000	FUN_004643
high_div	chr1	400200000	401000000	FUN_004644
high_div	chr1	400200000	401000000	FUN_004645
high_div	chr1	400200000	401000000	FUN_004646
high_div	chr1	400200000	401000000	FUN_004647
high_div	chr3	139900000	146900000	FUN_011714
high_div	chr3	139900000	146900000	FUN_011715
high_div	chr3	139900000	146900000	FUN_011716
high_div	chr3	139900000	146900000	FUN_011717
high_div	chr3	139900000	146900000	FUN_011718
high_div	chr3	139900000	146900000	FUN_011719
high_div	chr3	139900000	146900000	FUN_011720
high_div	chr3	139900000	146900000	FUN_011721
high_div	chr3	139900000	146900000	FUN_011722
high_div	chr3	139900000	146900000	FUN_011723
high_div	chr3	139900000	146900000	FUN_011724
high_div	chr3	139900000	146900000	FUN_011725
high_div	chr3	139900000	146900000	FUN_011726
high_div	chr3	139900000	146900000	FUN_011727
high_div	chr3	139900000	146900000	FUN_011728
high_div	chr3	139900000	146900000	FUN_011729
high_div	chr3	139900000	146900000	FUN_011730
high_div	chr3	139900000	146900000	FUN_011731
high_div	chr3	139900000	146900000	FUN_011732
high_div	chr3	139900000	146900000	FUN_011733
high_div	chr3	139900000	146900000	FUN_011734
high_div	chr3	139900000	146900000	FUN_011735
high_div	chr3	139900000	146900000	FUN_011736
high_div	chr3	139900000	146900000	FUN_011737
high_div	chr3	139900000	146900000	FUN_011738
high_div	chr3	139900000	146900000	FUN_011739
high_div	chr3	139900000	146900000	FUN_011740
high_div	chr3	139900000	146900000	FUN_30774
high_div	chr3	139900000	146900000	FUN_011742
high_div	chr3	139900000	146900000	FUN_011743
high_div	chr3	139900000	146900000	FUN_011744
high_div	chr3	139900000	146900000	FUN_011745
high_div	chr3	139900000	146900000	FUN_011746
high_div	chr3	139900000	146900000	FUN_011747
high_div	chr3	139900000	146900000	FUN_011748
high_div	chr3	139900000	146900000	FUN_30775
high_div	chr3	139900000	146900000	FUN_011749
high_div	chr3	139900000	146900000	FUN_011750
high_div	chr3	139900000	146900000	FUN_011751
high_div	chr3	139900000	146900000	FUN_011753
high_div	chr3	139900000	146900000	FUN_011754
high_div	chr3	139900000	146900000	FUN_011755
high_div	chr3	139900000	146900000	FUN_011756
high_div	chr3	139900000	146900000	FUN_011757
high_div	chr3	139900000	146900000	FUN_011758
high_div	chr3	139900000	146900000	FUN_011760
high_div	chr3	139900000	146900000	FUN_011761
high_div	chr3	139900000	146900000	FUN_011762
high_div	chr3	139900000	146900000	FUN_011763
low_div	chr3	145100000	145900000	FUN_011742
low_div	chr3	145100000	145900000	FUN_011743
low_div	chr3	145100000	145900000	FUN_011744
low_div	chr3	145100000	145900000	FUN_011745
low_div	chr3	145100000	145900000	FUN_011746
low_div	chr3	145100000	145900000	FUN_011747
low_div	chr3	145100000	145900000	FUN_011748
low_div	chr3	145100000	145900000	FUN_30775
low_div	chr3	145100000	145900000	FUN_011749
low_div	chr3	145100000	145900000	FUN_011750
low_div	chr3	145100000	145900000	FUN_011751
high_div	chr4	113400000	123400000	FUN_014537
high_div	chr4	113400000	123400000	FUN_014538
high_div	chr4	113400000	123400000	FUN_014539
high_div	chr4	113400000	123400000	FUN_014540
high_div	chr4	113400000	123400000	FUN_014541
high_div	chr4	113400000	123400000	FUN_014542
high_div	chr4	113400000	123400000	FUN_014543
high_div	chr4	113400000	123400000	FUN_014544
high_div	chr4	113400000	123400000	FUN_014545
high_div	chr4	113400000	123400000	FUN_014546
high_div	chr4	113400000	123400000	FUN_014547
high_div	chr4	113400000	123400000	FUN_014548
high_div	chr4	113400000	123400000	FUN_014549
high_div	chr4	113400000	123400000	FUN_014550
high_div	chr4	113400000	123400000	FUN_014551
high_div	chr4	113400000	123400000	FUN_014552
high_div	chr4	113400000	123400000	FUN_30890
high_div	chr4	113400000	123400000	FUN_014553
high_div	chr4	113400000	123400000	FUN_014554
high_div	chr4	113400000	123400000	FUN_014555
high_div	chr4	113400000	123400000	FUN_014556
high_div	chr4	113400000	123400000	FUN_014557
high_div	chr4	113400000	123400000	FUN_014558
high_div	chr4	113400000	123400000	FUN_014559
high_div	chr4	113400000	123400000	FUN_014560
high_div	chr4	113400000	123400000	FUN_014561
high_div	chr4	113400000	123400000	FUN_014563
high_div	chr4	113400000	123400000	FUN_014564
high_div	chr4	113400000	123400000	FUN_014565
high_div	chr4	113400000	123400000	FUN_014566
high_div	chr4	113400000	123400000	FUN_014567
high_div	chr4	113400000	123400000	FUN_014568
high_div	chr4	113400000	123400000	FUN_014569
high_div	chr4	113400000	123400000	FUN_014570
high_div	chr4	113400000	123400000	FUN_014571
high_div	chr4	113400000	123400000	FUN_014572
high_div	chr4	113400000	123400000	FUN_014573
high_div	chr4	113400000	123400000	FUN_30891
high_div	chr4	113400000	123400000	FUN_014574
high_div	chr4	113400000	123400000	FUN_014575
high_div	chr4	113400000	123400000	FUN_014576
high_div	chr4	113400000	123400000	FUN_014577
high_div	chr4	113400000	123400000	FUN_014578
high_div	chr4	113400000	123400000	FUN_014579
high_div	chr4	113400000	123400000	FUN_014580
high_div	chr4	113400000	123400000	FUN_014581
high_div	chr4	113400000	123400000	FUN_014582
high_div	chr4	113400000	123400000	FUN_014583
high_div	chr4	113400000	123400000	FUN_014584
high_div	chr4	113400000	123400000	FUN_014585
high_div	chr4	113400000	123400000	FUN_014586
high_div	chr4	113400000	123400000	FUN_014587
high_div	chr4	113400000	123400000	FUN_014588
high_div	chr4	113400000	123400000	FUN_30892
high_div	chr4	113400000	123400000	FUN_014589
high_div	chr4	113400000	123400000	FUN_014590
high_div	chr4	113400000	123400000	FUN_30893
high_div	chr4	113400000	123400000	FUN_014592
high_div	chr4	113400000	123400000	FUN_014591
high_div	chr4	113400000	123400000	FUN_30894
high_div	chr4	113400000	123400000	FUN_014597
high_div	chr4	113400000	123400000	FUN_014598
high_div	chr4	113400000	123400000	FUN_014599
high_div	chr4	113400000	123400000	FUN_014600
high_div	chr4	113400000	123400000	FUN_014601
high_div	chr4	113400000	123400000	FUN_014602
high_div	chr4	113400000	123400000	FUN_014603
high_div	chr4	113400000	123400000	FUN_014604
high_div	chr4	113400000	123400000	FUN_014605
high_div	chr4	113400000	123400000	FUN_014606
high_div	chr4	113400000	123400000	FUN_014607
high_div	chr4	113400000	123400000	FUN_014608
high_div	chr4	113400000	123400000	FUN_014609
high_div	chr4	113400000	123400000	FUN_014610
high_div	chr4	113400000	123400000	FUN_014611
high_div	chr4	113400000	123400000	FUN_014612
high_div	chr4	113400000	123400000	FUN_014613
high_div	chr4	113400000	123400000	FUN_30895
high_div	chr4	113400000	123400000	FUN_30896
high_div	chr4	113400000	123400000	FUN_014614
high_div	chr4	113400000	123400000	FUN_014615
high_div	chr4	113400000	123400000	FUN_014616
high_div	chr4	113400000	123400000	FUN_014617
high_div	chr4	113400000	123400000	FUN_014618
high_div	chr4	113400000	123400000	FUN_014619
high_div	chr4	113400000	123400000	FUN_014620
high_div	chr4	113400000	123400000	FUN_014621
high_div	chr4	113400000	123400000	FUN_014622
high_div	chr4	113400000	123400000	FUN_014623
high_div	chr4	113400000	123400000	FUN_014624
high_div	chr4	113400000	123400000	FUN_014625
high_div	chr4	113400000	123400000	FUN_014626
high_div	chr4	113400000	123400000	FUN_014627
high_div	chr4	113400000	123400000	FUN_30897
high_div	chr4	113400000	123400000	FUN_014628
high_div	chr4	113400000	123400000	FUN_014629
high_div	chr4	113400000	123400000	FUN_014630
high_div	chr4	113400000	123400000	FUN_014631
high_div	chr4	113400000	123400000	FUN_014632
high_div	chr4	113400000	123400000	FUN_014633
high_div	chr4	113400000	123400000	FUN_014634
high_div	chr4	113400000	123400000	FUN_014635
high_div	chr4	113400000	123400000	FUN_014638
high_div	chr4	113400000	123400000	FUN_014636
high_div	chr4	113400000	123400000	FUN_014637
high_div	chr4	113400000	123400000	FUN_014639
high_div	chr4	113400000	123400000	FUN_014640
high_div	chr4	113400000	123400000	FUN_014641
high_div	chr4	113400000	123400000	FUN_014642
high_div	chr4	113400000	123400000	FUN_014643
high_div	chr4	113400000	123400000	FUN_014644
high_div	chr4	113400000	123400000	FUN_014645
high_div	chr4	113400000	123400000	FUN_014646
high_div	chr4	113400000	123400000	FUN_014647
high_div	chr4	113400000	123400000	FUN_014648
high_div	chr5	61400000	73400000	FUN_016572
high_div	chr5	61400000	73400000	FUN_016573
high_div	chr5	61400000	73400000	FUN_016574
high_div	chr5	61400000	73400000	FUN_016575
high_div	chr5	61400000	73400000	FUN_016576
high_div	chr5	61400000	73400000	FUN_016577
high_div	chr5	61400000	73400000	FUN_016578
high_div	chr5	61400000	73400000	FUN_016579
high_div	chr5	61400000	73400000	FUN_016580
high_div	chr5	61400000	73400000	FUN_016581
high_div	chr5	61400000	73400000	FUN_30959
high_div	chr5	61400000	73400000	FUN_016584
high_div	chr5	61400000	73400000	FUN_016586
high_div	chr5	61400000	73400000	FUN_016587
high_div	chr5	61400000	73400000	FUN_016588
high_div	chr5	61400000	73400000	FUN_016589
high_div	chr5	61400000	73400000	FUN_016590
high_div	chr5	61400000	73400000	FUN_016591
high_div	chr5	61400000	73400000	FUN_016592
high_div	chr5	61400000	73400000	FUN_016593
high_div	chr5	61400000	73400000	FUN_016594
high_div	chr5	61400000	73400000	FUN_016595
high_div	chr5	61400000	73400000	FUN_016596
high_div	chr5	61400000	73400000	FUN_016597
high_div	chr5	61400000	73400000	FUN_016598
high_div	chr5	61400000	73400000	FUN_016599
high_div	chr5	61400000	73400000	FUN_016600
high_div	chr5	61400000	73400000	FUN_016601
high_div	chr5	61400000	73400000	FUN_016602
high_div	chr5	61400000	73400000	FUN_016603
high_div	chr5	61400000	73400000	FUN_016604
high_div	chr5	61400000	73400000	FUN_016605
high_div	chr5	61400000	73400000	FUN_30960
high_div	chr5	61400000	73400000	FUN_016606
high_div	chr5	61400000	73400000	FUN_016607
high_div	chr5	61400000	73400000	FUN_016608
high_div	chr5	61400000	73400000	FUN_016609
high_div	chr5	61400000	73400000	FUN_016610
high_div	chr5	61400000	73400000	FUN_016611
high_div	chr5	61400000	73400000	FUN_016612
high_div	chr5	61400000	73400000	FUN_016613
high_div	chr5	61400000	73400000	FUN_016614
high_div	chr5	61400000	73400000	FUN_016615
high_div	chr5	61400000	73400000	FUN_016617
high_div	chr5	61400000	73400000	FUN_016619
high_div	chr5	61400000	73400000	FUN_016620
high_div	chr5	61400000	73400000	FUN_016621
high_div	chr5	61400000	73400000	FUN_016622
high_div	chr5	61400000	73400000	FUN_016623
high_div	chr5	61400000	73400000	FUN_016624
high_div	chr5	61400000	73400000	FUN_016625
high_div	chr5	61400000	73400000	FUN_016626
high_div	chr5	61400000	73400000	FUN_016627
high_div	chr5	61400000	73400000	FUN_016628
high_div	chr5	61400000	73400000	FUN_016629
high_div	chr5	61400000	73400000	FUN_016630
high_div	chr5	61400000	73400000	FUN_016631
high_div	chr5	61400000	73400000	FUN_016632
high_div	chr5	61400000	73400000	FUN_016633
high_div	chr5	61400000	73400000	FUN_30961
high_div	chr5	61400000	73400000	FUN_016635
high_div	chr5	61400000	73400000	FUN_016636
high_div	chr5	61400000	73400000	FUN_016637
high_div	chr5	61400000	73400000	FUN_016638
high_div	chr5	61400000	73400000	FUN_016639
high_div	chr5	61400000	73400000	FUN_016640
high_div	chr5	61400000	73400000	FUN_016641
high_div	chr5	61400000	73400000	FUN_016642
high_div	chr5	61400000	73400000	FUN_30962
high_div	chr5	61400000	73400000	FUN_016644
high_div	chr5	61400000	73400000	FUN_016645
high_div	chr5	61400000	73400000	FUN_016646
high_div	chr5	61400000	73400000	FUN_30963
high_div	chr5	61400000	73400000	FUN_016647
high_div	chr5	61400000	73400000	FUN_016648
high_div	chr5	61400000	73400000	FUN_016649
high_div	chr5	61400000	73400000	FUN_016650
high_div	chr5	61400000	73400000	FUN_016651
high_div	chr5	61400000	73400000	FUN_016652
high_div	chr5	61400000	73400000	FUN_016653
high_div	chr5	61400000	73400000	FUN_016654
high_div	chr5	61400000	73400000	FUN_016655
high_div	chr5	61400000	73400000	FUN_016656
high_div	chr5	61400000	73400000	FUN_016657
high_div	chr5	61400000	73400000	FUN_016658
high_div	chr5	61400000	73400000	FUN_016659
high_div	chr5	61400000	73400000	FUN_016660
high_div	chr5	61400000	73400000	FUN_016661
high_div	chr5	61400000	73400000	FUN_016662
high_div	chr5	61400000	73400000	FUN_016663
high_div	chr5	61400000	73400000	FUN_016664
high_div	chr5	61400000	73400000	FUN_016665
high_div	chr5	61400000	73400000	FUN_016666
high_div	chr5	61400000	73400000	FUN_016667
high_div	chr5	61400000	73400000	FUN_016668
high_div	chr5	61400000	73400000	FUN_016669
high_div	chr5	61400000	73400000	FUN_016670
high_div	chr5	61400000	73400000	FUN_016671
high_div	chr5	61400000	73400000	FUN_016672
high_div	chr5	61400000	73400000	FUN_016673
high_div	chr5	61400000	73400000	FUN_016674
high_div	chr5	61400000	73400000	FUN_016675
high_div	chr5	61400000	73400000	FUN_016678
high_div	chr5	61400000	73400000	FUN_016680
high_div	chr5	61400000	73400000	FUN_016681
high_div	chr5	61400000	73400000	FUN_30964
high_div	chr5	61400000	73400000	FUN_016682
high_div	chr5	61400000	73400000	FUN_016683
high_div	chr5	61400000	73400000	FUN_016684
high_div	chr5	61400000	73400000	FUN_016685
high_div	chr5	61400000	73400000	FUN_016686
high_div	chr5	61400000	73400000	FUN_016687
high_div	chr5	61400000	73400000	FUN_016688
high_div	chr5	61400000	73400000	FUN_30965
high_div	chr5	61400000	73400000	FUN_016689
high_div	chr5	61400000	73400000	FUN_016690
low_div	chr5	67900000	69000000	FUN_016627
low_div	chr5	67900000	69000000	FUN_016628
low_div	chr5	67900000	69000000	FUN_016629
low_div	chr5	67900000	69000000	FUN_016630
low_div	chr5	67900000	69000000	FUN_016631
low_div	chr5	67900000	69000000	FUN_016632
low_div	chr5	67900000	69000000	FUN_016633
low_div	chr5	67900000	69000000	FUN_30961
low_div	chr5	67900000	69000000	FUN_016635
low_div	chr5	67900000	69000000	FUN_016636
low_div	chr5	67900000	69000000	FUN_016637
high_div	chr1	398000000	399200000	FUN_004606
high_div	chr1	398000000	399200000	FUN_004607
high_div	chr1	398000000	399200000	FUN_004608
high_div	chr1	398000000	399200000	FUN_004609
high_div	chr1	398000000	399200000	FUN_004610
high_div	chr1	398000000	399200000	FUN_004611
high_div	chr1	398000000	399200000	FUN_004612
high_div	chr1	398000000	399200000	FUN_004613
high_div	chr1	398000000	399200000	FUN_004614
high_div	chr1	398000000	399200000	FUN_004615
high_div	chr1	398000000	399200000	FUN_004616
high_div	chr1	398000000	399200000	FUN_004617
high_div	chr1	398000000	399200000	FUN_004618
high_div	chr1	398000000	399200000	FUN_004619
high_div	chr1	398000000	399200000	FUN_004620
high_div	chr1	398000000	399200000	FUN_004626
high_div	chr1	398000000	399200000	FUN_004627
high_div	chr1	398000000	399200000	FUN_004628
high_div	chr1	398000000	399200000	FUN_004629
high_div	chr1	398000000	399200000	FUN_004630
high_div	chr1	398000000	399200000	FUN_004631
low_div	chr1	399200000	400100000	FUN_004632
low_div	chr1	399200000	400100000	FUN_004633
low_div	chr1	399200000	400100000	FUN_004634
low_div	chr1	399200000	400100000	FUN_004635
high_div	chr1	400200000	401000000	FUN_004637
high_div	chr1	400200000	401000000	FUN_004638
high_div	chr1	400200000	401000000	FUN_004640
high_div	chr1	400200000	401000000	FUN_004641
high_div	chr1	400200000	401000000	FUN_004642
high_div	chr1	400200000	401000000	FUN_30329
high_div	chr1	400200000	401000000	FUN_004643
high_div	chr1	400200000	401000000	FUN_004644
high_div	chr1	400200000	401000000	FUN_004645
high_div	chr1	400200000	401000000	FUN_004646
high_div	chr1	400200000	401000000	FUN_004647
high_div	chr3	139900000	146900000	FUN_011714
high_div	chr3	139900000	146900000	FUN_011715
high_div	chr3	139900000	146900000	FUN_011716
high_div	chr3	139900000	146900000	FUN_011717
high_div	chr3	139900000	146900000	FUN_011718
high_div	chr3	139900000	146900000	FUN_011719
high_div	chr3	139900000	146900000	FUN_011720
high_div	chr3	139900000	146900000	FUN_011721
high_div	chr3	139900000	146900000	FUN_011722
high_div	chr3	139900000	146900000	FUN_011723
high_div	chr3	139900000	146900000	FUN_011724
high_div	chr3	139900000	146900000	FUN_011725
high_div	chr3	139900000	146900000	FUN_011726
high_div	chr3	139900000	146900000	FUN_011727
high_div	chr3	139900000	146900000	FUN_011728
high_div	chr3	139900000	146900000	FUN_011729
high_div	chr3	139900000	146900000	FUN_011730
high_div	chr3	139900000	146900000	FUN_011731
high_div	chr3	139900000	146900000	FUN_011732
high_div	chr3	139900000	146900000	FUN_011733
high_div	chr3	139900000	146900000	FUN_011734
high_div	chr3	139900000	146900000	FUN_011735
high_div	chr3	139900000	146900000	FUN_011736
high_div	chr3	139900000	146900000	FUN_011737
high_div	chr3	139900000	146900000	FUN_011738
high_div	chr3	139900000	146900000	FUN_011739
high_div	chr3	139900000	146900000	FUN_011740
high_div	chr3	139900000	146900000	FUN_30774
high_div	chr3	139900000	146900000	FUN_011742
high_div	chr3	139900000	146900000	FUN_011743
high_div	chr3	139900000	146900000	FUN_011744
high_div	chr3	139900000	146900000	FUN_011745
high_div	chr3	139900000	146900000	FUN_011746
high_div	chr3	139900000	146900000	FUN_011747
high_div	chr3	139900000	146900000	FUN_011748
high_div	chr3	139900000	146900000	FUN_30775
high_div	chr3	139900000	146900000	FUN_011749
high_div	chr3	139900000	146900000	FUN_011750
high_div	chr3	139900000	146900000	FUN_011751
high_div	chr3	139900000	146900000	FUN_011753
high_div	chr3	139900000	146900000	FUN_011754
high_div	chr3	139900000	146900000	FUN_011755
high_div	chr3	139900000	146900000	FUN_011756
high_div	chr3	139900000	146900000	FUN_011757
high_div	chr3	139900000	146900000	FUN_011758
high_div	chr3	139900000	146900000	FUN_011760
high_div	chr3	139900000	146900000	FUN_011761
high_div	chr3	139900000	146900000	FUN_011762
high_div	chr3	139900000	146900000	FUN_011763
low_div	chr3	145100000	145900000	FUN_011742
low_div	chr3	145100000	145900000	FUN_011743
low_div	chr3	145100000	145900000	FUN_011744
low_div	chr3	145100000	145900000	FUN_011745
low_div	chr3	145100000	145900000	FUN_011746
low_div	chr3	145100000	145900000	FUN_011747
low_div	chr3	145100000	145900000	FUN_011748
low_div	chr3	145100000	145900000	FUN_30775
low_div	chr3	145100000	145900000	FUN_011749
low_div	chr3	145100000	145900000	FUN_011750
low_div	chr3	145100000	145900000	FUN_011751
high_div	chr4	113400000	123400000	FUN_014537
high_div	chr4	113400000	123400000	FUN_014538
high_div	chr4	113400000	123400000	FUN_014539
high_div	chr4	113400000	123400000	FUN_014540
high_div	chr4	113400000	123400000	FUN_014541
high_div	chr4	113400000	123400000	FUN_014542
high_div	chr4	113400000	123400000	FUN_014543
high_div	chr4	113400000	123400000	FUN_014544
high_div	chr4	113400000	123400000	FUN_014545
high_div	chr4	113400000	123400000	FUN_014546
high_div	chr4	113400000	123400000	FUN_014547
high_div	chr4	113400000	123400000	FUN_014548
high_div	chr4	113400000	123400000	FUN_014549
high_div	chr4	113400000	123400000	FUN_014550
high_div	chr4	113400000	123400000	FUN_014551
high_div	chr4	113400000	123400000	FUN_014552
high_div	chr4	113400000	123400000	FUN_30890
high_div	chr4	113400000	123400000	FUN_014553
high_div	chr4	113400000	123400000	FUN_014554
high_div	chr4	113400000	123400000	FUN_014555
high_div	chr4	113400000	123400000	FUN_014556
high_div	chr4	113400000	123400000	FUN_014557
high_div	chr4	113400000	123400000	FUN_014558
high_div	chr4	113400000	123400000	FUN_014559
high_div	chr4	113400000	123400000	FUN_014560
high_div	chr4	113400000	123400000	FUN_014561
high_div	chr4	113400000	123400000	FUN_014563
high_div	chr4	113400000	123400000	FUN_014564
high_div	chr4	113400000	123400000	FUN_014565
high_div	chr4	113400000	123400000	FUN_014566
high_div	chr4	113400000	123400000	FUN_014567
high_div	chr4	113400000	123400000	FUN_014568
high_div	chr4	113400000	123400000	FUN_014569
high_div	chr4	113400000	123400000	FUN_014570
high_div	chr4	113400000	123400000	FUN_014571
high_div	chr4	113400000	123400000	FUN_014572
high_div	chr4	113400000	123400000	FUN_014573
high_div	chr4	113400000	123400000	FUN_30891
high_div	chr4	113400000	123400000	FUN_014574
high_div	chr4	113400000	123400000	FUN_014575
high_div	chr4	113400000	123400000	FUN_014576
high_div	chr4	113400000	123400000	FUN_014577
high_div	chr4	113400000	123400000	FUN_014578
high_div	chr4	113400000	123400000	FUN_014579
high_div	chr4	113400000	123400000	FUN_014580
high_div	chr4	113400000	123400000	FUN_014581
high_div	chr4	113400000	123400000	FUN_014582
high_div	chr4	113400000	123400000	FUN_014583
high_div	chr4	113400000	123400000	FUN_014584
high_div	chr4	113400000	123400000	FUN_014585
high_div	chr4	113400000	123400000	FUN_014586
high_div	chr4	113400000	123400000	FUN_014587
high_div	chr4	113400000	123400000	FUN_014588
high_div	chr4	113400000	123400000	FUN_30892
high_div	chr4	113400000	123400000	FUN_014589
high_div	chr4	113400000	123400000	FUN_014590
high_div	chr4	113400000	123400000	FUN_30893
high_div	chr4	113400000	123400000	FUN_014592
high_div	chr4	113400000	123400000	FUN_014591
high_div	chr4	113400000	123400000	FUN_30894
high_div	chr4	113400000	123400000	FUN_014597
high_div	chr4	113400000	123400000	FUN_014598
high_div	chr4	113400000	123400000	FUN_014599
high_div	chr4	113400000	123400000	FUN_014600
high_div	chr4	113400000	123400000	FUN_014601
high_div	chr4	113400000	123400000	FUN_014602
high_div	chr4	113400000	123400000	FUN_014603
high_div	chr4	113400000	123400000	FUN_014604
high_div	chr4	113400000	123400000	FUN_014605
high_div	chr4	113400000	123400000	FUN_014606
high_div	chr4	113400000	123400000	FUN_014607
high_div	chr4	113400000	123400000	FUN_014608
high_div	chr4	113400000	123400000	FUN_014609
high_div	chr4	113400000	123400000	FUN_014610
high_div	chr4	113400000	123400000	FUN_014611
high_div	chr4	113400000	123400000	FUN_014612
high_div	chr4	113400000	123400000	FUN_014613
high_div	chr4	113400000	123400000	FUN_30895
high_div	chr4	113400000	123400000	FUN_30896
high_div	chr4	113400000	123400000	FUN_014614
high_div	chr4	113400000	123400000	FUN_014615
high_div	chr4	113400000	123400000	FUN_014616
high_div	chr4	113400000	123400000	FUN_014617
high_div	chr4	113400000	123400000	FUN_014618
high_div	chr4	113400000	123400000	FUN_014619
high_div	chr4	113400000	123400000	FUN_014620
high_div	chr4	113400000	123400000	FUN_014621
high_div	chr4	113400000	123400000	FUN_014622
high_div	chr4	113400000	123400000	FUN_014623
high_div	chr4	113400000	123400000	FUN_014624
high_div	chr4	113400000	123400000	FUN_014625
high_div	chr4	113400000	123400000	FUN_014626
high_div	chr4	113400000	123400000	FUN_014627
high_div	chr4	113400000	123400000	FUN_30897
high_div	chr4	113400000	123400000	FUN_014628
high_div	chr4	113400000	123400000	FUN_014629
high_div	chr4	113400000	123400000	FUN_014630
high_div	chr4	113400000	123400000	FUN_014631
high_div	chr4	113400000	123400000	FUN_014632
high_div	chr4	113400000	123400000	FUN_014633
high_div	chr4	113400000	123400000	FUN_014634
high_div	chr4	113400000	123400000	FUN_014635
high_div	chr4	113400000	123400000	FUN_014638
high_div	chr4	113400000	123400000	FUN_014636
high_div	chr4	113400000	123400000	FUN_014637
high_div	chr4	113400000	123400000	FUN_014639
high_div	chr4	113400000	123400000	FUN_014640
high_div	chr4	113400000	123400000	FUN_014641
high_div	chr4	113400000	123400000	FUN_014642
high_div	chr4	113400000	123400000	FUN_014643
high_div	chr4	113400000	123400000	FUN_014644
high_div	chr4	113400000	123400000	FUN_014645
high_div	chr4	113400000	123400000	FUN_014646
high_div	chr4	113400000	123400000	FUN_014647
high_div	chr4	113400000	123400000	FUN_014648
high_div	chr5	61400000	73400000	FUN_016572
high_div	chr5	61400000	73400000	FUN_016573
high_div	chr5	61400000	73400000	FUN_016574
high_div	chr5	61400000	73400000	FUN_016575
high_div	chr5	61400000	73400000	FUN_016576
high_div	chr5	61400000	73400000	FUN_016577
high_div	chr5	61400000	73400000	FUN_016578
high_div	chr5	61400000	73400000	FUN_016579
high_div	chr5	61400000	73400000	FUN_016580
high_div	chr5	61400000	73400000	FUN_016581
high_div	chr5	61400000	73400000	FUN_30959
high_div	chr5	61400000	73400000	FUN_016584
high_div	chr5	61400000	73400000	FUN_016586
high_div	chr5	61400000	73400000	FUN_016587
high_div	chr5	61400000	73400000	FUN_016588
high_div	chr5	61400000	73400000	FUN_016589
high_div	chr5	61400000	73400000	FUN_016590
high_div	chr5	61400000	73400000	FUN_016591
high_div	chr5	61400000	73400000	FUN_016592
high_div	chr5	61400000	73400000	FUN_016593
high_div	chr5	61400000	73400000	FUN_016594
high_div	chr5	61400000	73400000	FUN_016595
high_div	chr5	61400000	73400000	FUN_016596
high_div	chr5	61400000	73400000	FUN_016597
high_div	chr5	61400000	73400000	FUN_016598
high_div	chr5	61400000	73400000	FUN_016599
high_div	chr5	61400000	73400000	FUN_016600
high_div	chr5	61400000	73400000	FUN_016601
high_div	chr5	61400000	73400000	FUN_016602
high_div	chr5	61400000	73400000	FUN_016603
high_div	chr5	61400000	73400000	FUN_016604
high_div	chr5	61400000	73400000	FUN_016605
high_div	chr5	61400000	73400000	FUN_30960
high_div	chr5	61400000	73400000	FUN_016606
high_div	chr5	61400000	73400000	FUN_016607
high_div	chr5	61400000	73400000	FUN_016608
high_div	chr5	61400000	73400000	FUN_016609
high_div	chr5	61400000	73400000	FUN_016610
high_div	chr5	61400000	73400000	FUN_016611
high_div	chr5	61400000	73400000	FUN_016612
high_div	chr5	61400000	73400000	FUN_016613
high_div	chr5	61400000	73400000	FUN_016614
high_div	chr5	61400000	73400000	FUN_016615
high_div	chr5	61400000	73400000	FUN_016617
high_div	chr5	61400000	73400000	FUN_016619
high_div	chr5	61400000	73400000	FUN_016620
high_div	chr5	61400000	73400000	FUN_016621
high_div	chr5	61400000	73400000	FUN_016622
high_div	chr5	61400000	73400000	FUN_016623
high_div	chr5	61400000	73400000	FUN_016624
high_div	chr5	61400000	73400000	FUN_016625
high_div	chr5	61400000	73400000	FUN_016626
high_div	chr5	61400000	73400000	FUN_016627
high_div	chr5	61400000	73400000	FUN_016628
high_div	chr5	61400000	73400000	FUN_016629
high_div	chr5	61400000	73400000	FUN_016630
high_div	chr5	61400000	73400000	FUN_016631
high_div	chr5	61400000	73400000	FUN_016632
high_div	chr5	61400000	73400000	FUN_016633
high_div	chr5	61400000	73400000	FUN_30961
high_div	chr5	61400000	73400000	FUN_016635
high_div	chr5	61400000	73400000	FUN_016636
high_div	chr5	61400000	73400000	FUN_016637
high_div	chr5	61400000	73400000	FUN_016638
high_div	chr5	61400000	73400000	FUN_016639
high_div	chr5	61400000	73400000	FUN_016640
high_div	chr5	61400000	73400000	FUN_016641
high_div	chr5	61400000	73400000	FUN_016642
high_div	chr5	61400000	73400000	FUN_30962
high_div	chr5	61400000	73400000	FUN_016644
high_div	chr5	61400000	73400000	FUN_016645
high_div	chr5	61400000	73400000	FUN_016646
high_div	chr5	61400000	73400000	FUN_30963
high_div	chr5	61400000	73400000	FUN_016647
high_div	chr5	61400000	73400000	FUN_016648
high_div	chr5	61400000	73400000	FUN_016649
high_div	chr5	61400000	73400000	FUN_016650
high_div	chr5	61400000	73400000	FUN_016651
high_div	chr5	61400000	73400000	FUN_016652
high_div	chr5	61400000	73400000	FUN_016653
high_div	chr5	61400000	73400000	FUN_016654
high_div	chr5	61400000	73400000	FUN_016655
high_div	chr5	61400000	73400000	FUN_016656
high_div	chr5	61400000	73400000	FUN_016657
high_div	chr5	61400000	73400000	FUN_016658
high_div	chr5	61400000	73400000	FUN_016659
high_div	chr5	61400000	73400000	FUN_016660
high_div	chr5	61400000	73400000	FUN_016661
high_div	chr5	61400000	73400000	FUN_016662
high_div	chr5	61400000	73400000	FUN_016663
high_div	chr5	61400000	73400000	FUN_016664
high_div	chr5	61400000	73400000	FUN_016665
high_div	chr5	61400000	73400000	FUN_016666
high_div	chr5	61400000	73400000	FUN_016667
high_div	chr5	61400000	73400000	FUN_016668
high_div	chr5	61400000	73400000	FUN_016669
high_div	chr5	61400000	73400000	FUN_016670
high_div	chr5	61400000	73400000	FUN_016671
high_div	chr5	61400000	73400000	FUN_016672
high_div	chr5	61400000	73400000	FUN_016673
high_div	chr5	61400000	73400000	FUN_016674
high_div	chr5	61400000	73400000	FUN_016675
high_div	chr5	61400000	73400000	FUN_016678
high_div	chr5	61400000	73400000	FUN_016680
high_div	chr5	61400000	73400000	FUN_016681
high_div	chr5	61400000	73400000	FUN_30964
high_div	chr5	61400000	73400000	FUN_016682
high_div	chr5	61400000	73400000	FUN_016683
high_div	chr5	61400000	73400000	FUN_016684
high_div	chr5	61400000	73400000	FUN_016685
high_div	chr5	61400000	73400000	FUN_016686
high_div	chr5	61400000	73400000	FUN_016687
high_div	chr5	61400000	73400000	FUN_016688
high_div	chr5	61400000	73400000	FUN_30965
high_div	chr5	61400000	73400000	FUN_016689
high_div	chr5	61400000	73400000	FUN_016690
